time,temp_c,vib_g,vib_hf,current_a,supply_v,rpm
2026-03-02 08:00:00,37.55,5.2799,221.86,2.265,4.853,10838.0
2026-03-02 08:00:04,37.74,7.5183,254.17,3.147,4.815,10377.0
2026-03-02 08:00:08,38.0,7.5914,248.69,1.861,4.903,10243.0
2026-03-02 08:00:13,38.24,3.7303,134.87,2.882,4.828,10051.0
2026-03-02 08:00:17,38.53,3.5506,222.93,2.793,4.821,10258.0
2026-03-02 08:00:21,38.91,7.711,378.75,2.157,4.878,10258.0
2026-03-02 08:00:26,39.25,13.0826,477.39,2.618,4.84,10268.0
2026-03-02 08:00:30,39.65,2.9996,90.71,3.198,4.797,10245.0
2026-03-02 08:00:35,40.12,7.2957,345.31,3.019,4.814,10289.0
2026-03-02 08:00:39,40.58,11.2619,543.48,2.596,4.83,10274.0
2026-03-02 08:00:43,41.08,7.8944,403.63,2.777,4.824,10305.0
2026-03-02 08:00:48,41.7,7.9624,417.54,2.109,4.902,10280.0
2026-03-02 08:00:52,42.18,7.2606,407.83,3.236,4.796,10251.0
2026-03-02 08:00:57,42.72,7.0256,401.47,-0.186,5.616,10246.0
2026-03-02 08:01:01,43.33,8.1925,342.86,2.761,4.831,10208.0
2026-03-02 08:01:06,43.89,5.8844,338.2,2.847,4.818,10223.0
2026-03-02 08:01:10,44.57,6.5414,316.33,2.071,4.903,10199.0
2026-03-02 08:01:15,45.1,4.2222,296.75,2.141,4.866,10178.0
2026-03-02 08:01:19,45.62,3.1129,287.76,2.322,4.854,10205.0
2026-03-02 08:01:23,46.12,6.0594,318.68,2.682,4.831,10172.0
2026-03-02 08:01:28,46.71,3.538,286.62,2.294,4.857,10126.0
2026-03-02 08:01:32,47.38,3.1699,232.19,2.72,4.828,10112.0
2026-03-02 08:01:36,47.96,3.0092,234.76,3.131,4.798,10112.0
2026-03-02 08:01:41,48.58,3.372,280.2,2.545,4.844,10108.0
2026-03-02 08:01:45,49.06,3.3353,279.7,3.013,4.807,10096.0
2026-03-02 08:01:50,49.6,5.2745,337.75,2.488,4.842,10089.0
2026-03-02 08:01:54,50.08,5.7059,346.11,2.383,4.848,10025.0
2026-03-02 08:01:58,50.56,5.994,310.12,2.978,4.806,10045.0
2026-03-02 08:02:03,51.09,3.7148,306.67,1.94,4.876,9996.0
2026-03-02 08:02:07,51.67,3.9426,329.94,2.068,4.874,10023.0
2026-03-02 08:02:12,52.21,4.2492,296.31,2.539,4.841,10005.0
2026-03-02 08:02:16,52.62,3.9897,333.81,2.876,4.815,9985.0
2026-03-02 08:02:20,53.03,5.8186,387.82,2.755,4.809,9976.0
2026-03-02 08:02:25,53.41,6.2795,368.22,2.424,4.845,9933.0
2026-03-02 08:02:29,53.79,7.3545,404.46,2.886,4.815,9940.0
2026-03-02 08:02:34,54.21,3.2856,278.76,2.774,4.826,9986.0
2026-03-02 08:02:38,54.69,5.7163,418.46,2.647,4.833,9963.0
2026-03-02 08:02:42,55.1,13.073,595.03,2.504,4.839,9893.0
2026-03-02 08:02:47,55.59,19.2313,564.27,1.963,4.881,9886.0
2026-03-02 08:02:51,55.98,12.4039,518.64,2.418,4.845,9902.0
2026-03-02 08:02:56,56.26,15.0163,500.2,2.249,4.858,9904.0
2026-03-02 08:03:00,56.72,20.2106,573.56,2.867,4.904,9839.0
2026-03-02 08:03:04,57.15,15.4271,550.76,2.867,4.812,9827.0
2026-03-02 08:03:09,57.62,16.7952,568.57,2.688,4.828,9803.0
2026-03-02 08:03:13,57.97,17.0613,518.19,2.625,4.832,9803.0
2026-03-02 08:03:18,58.29,18.8425,495.79,2.163,4.864,9801.0
2026-03-02 08:03:22,58.54,25.6761,543.6,1.918,4.95,9773.0
2026-03-02 08:03:27,58.86,23.949,495.96,2.335,4.827,9761.0
2026-03-02 08:03:31,59.15,25.5251,548.39,2.79,4.821,9767.0
2026-03-02 08:03:35,59.47,19.7643,448.43,2.873,4.816,9747.0
2026-03-02 08:03:40,59.85,22.9599,607.63,2.16,4.864,9760.0
2026-03-02 08:03:44,60.13,13.1996,542.07,2.24,4.857,9700.0
2026-03-02 08:03:49,60.34,18.2543,606.87,2.634,4.83,9738.0
2026-03-02 08:03:53,60.57,10.5663,551.56,2.052,4.872,9724.0
2026-03-02 08:03:57,60.86,11.0637,495.66,2.507,4.841,9687.0
2026-03-02 08:04:02,61.11,14.4014,577.17,3.051,4.798,9683.0
2026-03-02 08:04:06,61.26,15.463,478.27,2.784,4.825,9715.0
2026-03-02 08:04:11,61.45,6.1172,382.83,2.574,4.833,9737.0
2026-03-02 08:04:15,61.67,12.2758,523.69,2.628,4.831,9684.0
2026-03-02 08:04:19,61.89,7.0828,438.38,2.631,4.872,9726.0
2026-03-02 08:04:24,62.2,9.0761,474.1,2.79,4.819,9684.0
2026-03-02 08:04:28,62.52,5.2816,432.31,2.567,4.836,9642.0
2026-03-02 08:04:33,62.8,9.7491,409.3,2.122,4.861,9688.0
2026-03-02 08:04:37,62.9,11.7663,472.09,2.357,4.852,9659.0
2026-03-02 08:04:42,62.94,13.6799,490.67,2.695,4.826,9688.0
2026-03-02 08:04:46,63.11,9.2772,462.08,2.354,4.845,9641.0
2026-03-02 08:04:50,63.34,5.2684,377.01,2.551,4.845,9635.0
2026-03-02 08:04:55,63.61,5.999,397.22,2.446,4.843,9665.0
2026-03-02 08:04:59,63.8,7.4006,372.79,2.777,4.823,9666.0
2026-03-02 08:05:04,63.8,5.5022,345.65,2.851,4.814,9654.0
2026-03-02 08:05:08,63.86,8.2272,369.73,2.714,4.827,9630.0
2026-03-02 08:05:12,64.15,6.9635,339.02,2.854,4.814,9612.0
2026-03-02 08:05:17,64.44,8.6992,341.03,2.691,4.828,9554.0
2026-03-02 08:05:21,64.59,9.42,423.82,2.459,4.847,9599.0
2026-03-02 08:05:26,64.8,5.9933,320.57,1.374,4.913,9511.0
2026-03-02 08:05:30,64.93,6.3433,354.23,2.485,4.843,9534.0
2026-03-02 08:05:34,65.01,3.8458,285.93,2.574,4.834,9565.0
2026-03-02 08:05:39,65.0,5.0078,356.11,1.861,4.881,9581.0
2026-03-02 08:05:43,64.99,6.145,290.74,2.606,4.832,9576.0
2026-03-02 08:05:48,65.18,6.2736,255.67,2.688,4.829,9534.0
2026-03-02 08:05:52,65.41,11.1886,356.45,2.045,4.864,9629.0
2026-03-02 08:05:56,65.66,7.7439,366.95,2.465,4.844,9583.0
2026-03-02 08:06:01,65.79,5.7669,372.72,2.873,4.821,9584.0
2026-03-02 08:06:05,65.75,2.7902,286.83,2.275,4.855,9583.0
2026-03-02 08:06:10,65.89,3.6326,300.78,2.736,4.825,9559.0
