File,phase
MOTOR-DC_2020_12_02_17_25_04_Analogico.hdf5,01-Start 3V
MOTOR-DC_2020_12_02_17_25_08_Analogico.hdf5,01-Start 3V
MOTOR-DC_2020_12_02_17_25_12_Analogico.hdf5,01-Start 3V
MOTOR-DC_2020_12_02_17_25_17_Analogico.hdf5,01-Start 3V
MOTOR-DC_2020_12_02_17_25_21_Analogico.hdf5,01-Start 3V
MOTOR-DC_2020_12_02_17_25_25_Analogico.hdf5,01-Start 3V
MOTOR-DC_2020_12_02_17_25_30_Analogico.hdf5,01-Start 3V
MOTOR-DC_2020_12_02_17_25_34_Analogico.hdf5,01-Start 3V
MOTOR-DC_2020_12_02_17_25_39_Analogico.hdf5,01-Start 3V
MOTOR-DC_2020_12_02_17_25_43_Analogico.hdf5,01-Start 3V
MOTOR-DC_2020_12_02_17_25_47_Analogico.hdf5,01-Start 3V
MOTOR-DC_2020_12_02_17_25_52_Analogico.hdf5,01-Start 3V
MOTOR-DC_2020_12_02_17_25_56_Analogico.hdf5,01-Start 3V
MOTOR-DC_2020_12_02_17_26_01_Analogico.hdf5,01-Start 3V
MOTOR-DC_2020_12_02_17_26_05_Analogico.hdf5,01-Start 3V
MOTOR-DC_2020_12_02_17_26_09_Analogico.hdf5,01-Start 3V
MOTOR-DC_2020_12_02_17_26_14_Analogico.hdf5,01-Start 3V
MOTOR-DC_2020_12_02_17_26_18_Analogico.hdf5,01-Start 3V
MOTOR-DC_2020_12_02_17_26_23_Analogico.hdf5,01-Start 3V
MOTOR-DC_2020_12_02_17_26_27_Analogico.hdf5,01-Start 3V
MOTOR-DC_2020_12_02_17_26_32_Analogico.hdf5,01-Start 3V
MOTOR-DC_2020_12_02_17_26_36_Analogico.hdf5,01-Start 3V
MOTOR-DC_2020_12_02_17_26_40_Analogico.hdf5,01-Start 3V
MOTOR-DC_2020_12_02_17_26_45_Analogico.hdf5,01-Start 3V
MOTOR-DC_2020_12_02_17_26_49_Analogico.hdf5,01-Start 3V
MOTOR-DC_2020_12_02_17_26_54_Analogico.hdf5,01-Start 3V
MOTOR-DC_2020_12_02_17_26_58_Analogico.hdf5,01-Start 3V
MOTOR-DC_2020_12_02_17_27_02_Analogico.hdf5,01-Start 3V
MOTOR-DC_2020_12_02_17_27_07_Analogico.hdf5,01-Start 3V
MOTOR-DC_2020_12_02_17_27_11_Analogico.hdf5,01-Start 3V
MOTOR-DC_2020_12_02_17_27_16_Analogico.hdf5,01-Start 3V
MOTOR-DC_2020_12_02_17_27_20_Analogico.hdf5,01-Start 3V
MOTOR-DC_2020_12_02_17_27_24_Analogico.hdf5,01-Start 3V
MOTOR-DC_2020_12_02_17_27_29_Analogico.hdf5,01-Start 3V
MOTOR-DC_2020_12_02_17_27_33_Analogico.hdf5,01-Start 3V
MOTOR-DC_2020_12_02_17_27_38_Analogico.hdf5,01-Start 3V
MOTOR-DC_2020_12_02_17_27_42_Analogico.hdf5,01-Start 3V
MOTOR-DC_2020_12_02_17_27_46_Analogico.hdf5,01-Start 3V
MOTOR-DC_2020_12_02_17_27_51_Analogico.hdf5,01-Start 3V
MOTOR-DC_2020_12_02_17_27_55_Analogico.hdf5,01-Start 3V
MOTOR-DC_2020_12_02_17_28_00_Analogico.hdf5,01-Start 3V
MOTOR-DC_2020_12_02_17_28_04_Analogico.hdf5,01-Start 3V
MOTOR-DC_2020_12_02_17_28_08_Analogico.hdf5,01-Start 3V
MOTOR-DC_2020_12_02_17_28_13_Analogico.hdf5,01-Start 3V
MOTOR-DC_2020_12_02_17_28_17_Analogico.hdf5,01-Start 3V
MOTOR-DC_2020_12_02_17_28_22_Analogico.hdf5,01-Start 3V
MOTOR-DC_2020_12_02_17_28_26_Analogico.hdf5,01-Start 3V
MOTOR-DC_2020_12_02_17_28_30_Analogico.hdf5,01-Start 3V
MOTOR-DC_2020_12_02_17_28_35_Analogico.hdf5,01-Start 3V
MOTOR-DC_2020_12_02_17_28_39_Analogico.hdf5,01-Start 3V
MOTOR-DC_2020_12_02_17_28_44_Analogico.hdf5,01-Start 3V
MOTOR-DC_2020_12_02_17_28_48_Analogico.hdf5,01-Start 3V
MOTOR-DC_2020_12_02_17_28_52_Analogico.hdf5,01-Start 3V
MOTOR-DC_2020_12_02_17_28_57_Analogico.hdf5,01-Start 3V
MOTOR-DC_2020_12_02_17_29_01_Analogico.hdf5,01-Start 3V
MOTOR-DC_2020_12_02_17_29_06_Analogico.hdf5,01-Start 3V
MOTOR-DC_2020_12_02_17_29_10_Analogico.hdf5,01-Start 3V
MOTOR-DC_2020_12_02_17_29_14_Analogico.hdf5,01-Start 3V
MOTOR-DC_2020_12_02_17_29_19_Analogico.hdf5,01-Start 3V
MOTOR-DC_2020_12_02_17_29_23_Analogico.hdf5,01-Start 3V
MOTOR-DC_2020_12_02_17_29_28_Analogico.hdf5,01-Start 3V
MOTOR-DC_2020_12_02_17_29_32_Analogico.hdf5,01-Start 3V
MOTOR-DC_2020_12_02_17_29_36_Analogico.hdf5,01-Start 3V
MOTOR-DC_2020_12_02_17_29_41_Analogico.hdf5,01-Start 3V
MOTOR-DC_2020_12_02_17_29_45_Analogico.hdf5,01-Start 3V
MOTOR-DC_2020_12_02_17_29_50_Analogico.hdf5,01-Start 3V
MOTOR-DC_2020_12_02_17_29_54_Analogico.hdf5,01-Start 3V
MOTOR-DC_2020_12_02_17_29_58_Analogico.hdf5,01-Start 3V
MOTOR-DC_2020_12_02_17_30_03_Analogico.hdf5,01-Start 3V
MOTOR-DC_2020_12_02_17_30_07_Analogico.hdf5,01-Start 3V
MOTOR-DC_2020_12_02_17_30_12_Analogico.hdf5,01-Start 3V
MOTOR-DC_2020_12_02_17_30_16_Analogico.hdf5,01-Start 3V
MOTOR-DC_2020_12_02_17_30_20_Analogico.hdf5,01-Start 3V
MOTOR-DC_2020_12_02_17_30_25_Analogico.hdf5,01-Start 3V
MOTOR-DC_2020_12_02_17_30_29_Analogico.hdf5,01-Start 3V
MOTOR-DC_2020_12_02_17_30_34_Analogico.hdf5,01-Start 3V
MOTOR-DC_2020_12_02_17_30_38_Analogico.hdf5,01-Start 3V
MOTOR-DC_2020_12_02_17_30_42_Analogico.hdf5,01-Start 3V
MOTOR-DC_2020_12_02_17_30_47_Analogico.hdf5,01-Start 3V
MOTOR-DC_2020_12_02_17_30_51_Analogico.hdf5,01-Start 3V
MOTOR-DC_2020_12_02_17_30_56_Analogico.hdf5,01-Start 3V
MOTOR-DC_2020_12_02_17_31_00_Analogico.hdf5,01-Start 3V
MOTOR-DC_2020_12_02_17_31_04_Analogico.hdf5,01-Start 3V
MOTOR-DC_2020_12_02_17_31_09_Analogico.hdf5,01-Start 3V
MOTOR-DC_2020_12_02_17_31_13_Analogico.hdf5,01-Start 3V
MOTOR-DC_2020_12_02_17_31_18_Analogico.hdf5,01-Start 3V
MOTOR-DC_2020_12_02_17_31_22_Analogico.hdf5,01-Start 3V
MOTOR-DC_2020_12_02_17_31_26_Analogico.hdf5,01-Start 3V
MOTOR-DC_2020_12_02_17_31_31_Analogico.hdf5,01-Start 3V
MOTOR-DC_2020_12_02_17_31_35_Analogico.hdf5,01-Start 3V
MOTOR-DC_2020_12_02_17_31_40_Analogico.hdf5,01-Start 3V
MOTOR-DC_2020_12_02_17_31_44_Analogico.hdf5,01-Start 3V
MOTOR-DC_2020_12_02_17_31_48_Analogico.hdf5,01-Start 3V
MOTOR-DC_2020_12_02_17_31_53_Analogico.hdf5,01-Start 3V
MOTOR-DC_2020_12_02_17_31_57_Analogico.hdf5,01-Start 3V
MOTOR-DC_2020_12_02_17_32_02_Analogico.hdf5,01-Start 3V
MOTOR-DC_2020_12_02_17_32_06_Analogico.hdf5,01-Start 3V
MOTOR-DC_2020_12_02_17_32_10_Analogico.hdf5,01-Start 3V
MOTOR-DC_2020_12_02_17_32_15_Analogico.hdf5,01-Start 3V
MOTOR-DC_2020_12_02_17_32_19_Analogico.hdf5,01-Start 3V
MOTOR-DC_2020_12_02_17_32_24_Analogico.hdf5,01-Start 3V
MOTOR-DC_2020_12_02_17_32_28_Analogico.hdf5,01-Start 3V
MOTOR-DC_2020_12_02_17_32_32_Analogico.hdf5,01-Start 3V
MOTOR-DC_2020_12_02_17_32_37_Analogico.hdf5,01-Start 3V
MOTOR-DC_2020_12_02_17_32_41_Analogico.hdf5,01-Start 3V
MOTOR-DC_2020_12_02_17_32_46_Analogico.hdf5,01-Start 3V
MOTOR-DC_2020_12_02_17_32_50_Analogico.hdf5,01-Start 3V
MOTOR-DC_2020_12_02_17_32_54_Analogico.hdf5,01-Start 3V
MOTOR-DC_2020_12_02_17_32_59_Analogico.hdf5,01-Start 3V
MOTOR-DC_2020_12_02_17_33_03_Analogico.hdf5,01-Start 3V
MOTOR-DC_2020_12_02_17_33_08_Analogico.hdf5,01-Start 3V
MOTOR-DC_2020_12_02_17_33_12_Analogico.hdf5,01-Start 3V
MOTOR-DC_2020_12_02_17_33_16_Analogico.hdf5,01-Start 3V
MOTOR-DC_2020_12_02_17_33_21_Analogico.hdf5,01-Start 3V
MOTOR-DC_2020_12_02_17_33_25_Analogico.hdf5,01-Start 3V
MOTOR-DC_2020_12_02_17_33_30_Analogico.hdf5,01-Start 3V
MOTOR-DC_2020_12_02_17_33_34_Analogico.hdf5,01-Start 3V
MOTOR-DC_2020_12_02_17_33_38_Analogico.hdf5,01-Start 3V
MOTOR-DC_2020_12_02_17_33_43_Analogico.hdf5,01-Start 3V
MOTOR-DC_2020_12_02_17_33_47_Analogico.hdf5,01-Start 3V
MOTOR-DC_2020_12_02_17_33_52_Analogico.hdf5,01-Start 3V
MOTOR-DC_2020_12_02_17_33_56_Analogico.hdf5,01-Start 3V
MOTOR-DC_2020_12_02_17_34_00_Analogico.hdf5,01-Start 3V
MOTOR-DC_2020_12_02_17_34_05_Analogico.hdf5,01-Start 3V
MOTOR-DC_2020_12_02_17_34_09_Analogico.hdf5,01-Start 3V
MOTOR-DC_2020_12_02_17_34_14_Analogico.hdf5,01-Start 3V
MOTOR-DC_2020_12_02_17_34_18_Analogico.hdf5,01-Start 3V
MOTOR-DC_2020_12_02_17_34_22_Analogico.hdf5,01-Start 3V
MOTOR-DC_2020_12_02_17_34_27_Analogico.hdf5,01-Start 3V
MOTOR-DC_2020_12_02_17_34_31_Analogico.hdf5,01-Start 3V
MOTOR-DC_2020_12_02_17_34_36_Analogico.hdf5,01-Start 3V
MOTOR-DC_2020_12_02_17_34_40_Analogico.hdf5,01-Start 3V
MOTOR-DC_2020_12_02_17_34_44_Analogico.hdf5,01-Start 3V
MOTOR-DC_2020_12_02_17_34_49_Analogico.hdf5,01-Start 3V
MOTOR-DC_2020_12_02_17_34_53_Analogico.hdf5,01-Start 3V
MOTOR-DC_2020_12_02_17_34_58_Analogico.hdf5,01-Start 3V
MOTOR-DC_2020_12_02_17_35_02_Analogico.hdf5,01-Start 3V
MOTOR-DC_2020_12_02_17_35_06_Analogico.hdf5,01-Start 3V
MOTOR-DC_2020_12_02_17_35_11_Analogico.hdf5,01-Start 3V
MOTOR-DC_2020_12_02_17_35_15_Analogico.hdf5,01-Start 3V
MOTOR-DC_2020_12_02_17_35_20_Analogico.hdf5,01-Start 3V
MOTOR-DC_2020_12_02_17_35_24_Analogico.hdf5,01-Start 3V
MOTOR-DC_2020_12_02_17_35_28_Analogico.hdf5,01-Start 3V
MOTOR-DC_2020_12_02_17_35_33_Analogico.hdf5,01-Start 3V
MOTOR-DC_2020_12_02_17_35_37_Analogico.hdf5,01-Start 3V
MOTOR-DC_2020_12_02_17_35_42_Analogico.hdf5,01-Start 3V
MOTOR-DC_2020_12_02_17_35_46_Analogico.hdf5,01-Start 3V
MOTOR-DC_2020_12_02_17_35_50_Analogico.hdf5,01-Start 3V
MOTOR-DC_2020_12_02_17_35_55_Analogico.hdf5,01-Start 3V
MOTOR-DC_2020_12_02_17_35_59_Analogico.hdf5,01-Start 3V
MOTOR-DC_2020_12_02_17_36_04_Analogico.hdf5,01-Start 3V
MOTOR-DC_2020_12_02_17_36_08_Analogico.hdf5,01-Start 3V
MOTOR-DC_2020_12_02_17_36_12_Analogico.hdf5,01-Start 3V
MOTOR-DC_2020_12_02_17_36_17_Analogico.hdf5,01-Start 3V
MOTOR-DC_2020_12_02_17_36_21_Analogico.hdf5,01-Start 3V
MOTOR-DC_2020_12_02_17_36_26_Analogico.hdf5,01-Start 3V
MOTOR-DC_2020_12_02_17_36_30_Analogico.hdf5,01-Start 3V
MOTOR-DC_2020_12_02_17_36_34_Analogico.hdf5,01-Start 3V
MOTOR-DC_2020_12_02_17_36_39_Analogico.hdf5,01-Start 3V
MOTOR-DC_2020_12_02_17_36_43_Analogico.hdf5,01-Start 3V
MOTOR-DC_2020_12_02_17_36_48_Analogico.hdf5,01-Start 3V
MOTOR-DC_2020_12_02_17_36_52_Analogico.hdf5,02-Change 5V
MOTOR-DC_2020_12_02_17_36_56_Analogico.hdf5,02-Change 5V
MOTOR-DC_2020_12_02_17_37_01_Analogico.hdf5,02-Change 5V
MOTOR-DC_2020_12_02_17_37_05_Analogico.hdf5,02-Change 5V
MOTOR-DC_2020_12_02_17_37_10_Analogico.hdf5,02-Change 5V
MOTOR-DC_2020_12_02_17_37_14_Analogico.hdf5,02-Change 5V
MOTOR-DC_2020_12_02_17_37_18_Analogico.hdf5,02-Change 5V
MOTOR-DC_2020_12_02_17_37_23_Analogico.hdf5,02-Change 5V
MOTOR-DC_2020_12_02_17_37_27_Analogico.hdf5,02-Change 5V
MOTOR-DC_2020_12_02_17_37_32_Analogico.hdf5,02-Change 5V
MOTOR-DC_2020_12_02_17_37_36_Analogico.hdf5,02-Change 5V
MOTOR-DC_2020_12_02_17_37_40_Analogico.hdf5,02-Change 5V
MOTOR-DC_2020_12_02_17_37_45_Analogico.hdf5,02-Change 5V
MOTOR-DC_2020_12_02_17_37_49_Analogico.hdf5,02-Change 5V
MOTOR-DC_2020_12_02_17_37_54_Analogico.hdf5,02-Change 5V
MOTOR-DC_2020_12_02_17_37_58_Analogico.hdf5,02-Change 5V
MOTOR-DC_2020_12_02_17_38_03_Analogico.hdf5,02-Change 5V
MOTOR-DC_2020_12_02_17_38_07_Analogico.hdf5,02-Change 5V
MOTOR-DC_2020_12_02_17_38_11_Analogico.hdf5,02-Change 5V
MOTOR-DC_2020_12_02_17_38_16_Analogico.hdf5,02-Change 5V
MOTOR-DC_2020_12_02_17_38_20_Analogico.hdf5,02-Change 5V
MOTOR-DC_2020_12_02_17_38_24_Analogico.hdf5,02-Change 5V
MOTOR-DC_2020_12_02_17_38_29_Analogico.hdf5,02-Change 5V
MOTOR-DC_2020_12_02_17_38_33_Analogico.hdf5,02-Change 5V
MOTOR-DC_2020_12_02_17_38_38_Analogico.hdf5,02-Change 5V
MOTOR-DC_2020_12_02_17_38_42_Analogico.hdf5,02-Change 5V
MOTOR-DC_2020_12_02_17_38_46_Analogico.hdf5,02-Change 5V
MOTOR-DC_2020_12_02_17_38_51_Analogico.hdf5,02-Change 5V
MOTOR-DC_2020_12_02_17_38_55_Analogico.hdf5,02-Change 5V
MOTOR-DC_2020_12_02_17_39_00_Analogico.hdf5,02-Change 5V
MOTOR-DC_2020_12_02_17_39_04_Analogico.hdf5,02-Change 5V
MOTOR-DC_2020_12_02_17_39_08_Analogico.hdf5,02-Change 5V
MOTOR-DC_2020_12_02_17_39_13_Analogico.hdf5,02-Change 5V
MOTOR-DC_2020_12_02_17_39_17_Analogico.hdf5,02-Change 5V
MOTOR-DC_2020_12_02_17_39_22_Analogico.hdf5,02-Change 5V
MOTOR-DC_2020_12_02_17_39_26_Analogico.hdf5,02-Change 5V
MOTOR-DC_2020_12_02_17_39_30_Analogico.hdf5,02-Change 5V
MOTOR-DC_2020_12_02_17_39_35_Analogico.hdf5,02-Change 5V
MOTOR-DC_2020_12_02_17_39_39_Analogico.hdf5,02-Change 5V
MOTOR-DC_2020_12_02_17_39_44_Analogico.hdf5,02-Change 5V
MOTOR-DC_2020_12_02_17_39_48_Analogico.hdf5,02-Change 5V
MOTOR-DC_2020_12_02_17_39_52_Analogico.hdf5,02-Change 5V
MOTOR-DC_2020_12_02_17_39_57_Analogico.hdf5,02-Change 5V
MOTOR-DC_2020_12_02_17_40_01_Analogico.hdf5,02-Change 5V
MOTOR-DC_2020_12_02_17_40_06_Analogico.hdf5,02-Change 5V
MOTOR-DC_2020_12_02_17_40_10_Analogico.hdf5,02-Change 5V
MOTOR-DC_2020_12_02_17_40_14_Analogico.hdf5,02-Change 5V
MOTOR-DC_2020_12_02_17_40_19_Analogico.hdf5,02-Change 5V
MOTOR-DC_2020_12_02_17_40_23_Analogico.hdf5,02-Change 5V
MOTOR-DC_2020_12_02_17_40_28_Analogico.hdf5,02-Change 5V
MOTOR-DC_2020_12_02_17_40_32_Analogico.hdf5,02-Change 5V
MOTOR-DC_2020_12_02_17_40_36_Analogico.hdf5,02-Change 5V
MOTOR-DC_2020_12_02_17_40_41_Analogico.hdf5,02-Change 5V
MOTOR-DC_2020_12_02_17_40_45_Analogico.hdf5,02-Change 5V
MOTOR-DC_2020_12_02_17_40_50_Analogico.hdf5,02-Change 5V
MOTOR-DC_2020_12_02_17_40_54_Analogico.hdf5,02-Change 5V
MOTOR-DC_2020_12_02_17_40_59_Analogico.hdf5,02-Change 5V
MOTOR-DC_2020_12_02_17_41_03_Analogico.hdf5,02-Change 5V
MOTOR-DC_2020_12_02_17_41_07_Analogico.hdf5,02-Change 5V
MOTOR-DC_2020_12_02_17_41_12_Analogico.hdf5,02-Change 5V
MOTOR-DC_2020_12_02_17_41_16_Analogico.hdf5,02-Change 5V
MOTOR-DC_2020_12_02_17_41_21_Analogico.hdf5,02-Change 5V
MOTOR-DC_2020_12_02_17_41_25_Analogico.hdf5,02-Change 5V
MOTOR-DC_2020_12_02_17_41_29_Analogico.hdf5,02-Change 5V
MOTOR-DC_2020_12_02_17_41_34_Analogico.hdf5,02-Change 5V
MOTOR-DC_2020_12_02_17_41_38_Analogico.hdf5,02-Change 5V
MOTOR-DC_2020_12_02_17_41_43_Analogico.hdf5,02-Change 5V
MOTOR-DC_2020_12_02_17_41_47_Analogico.hdf5,02-Change 5V
MOTOR-DC_2020_12_02_17_41_51_Analogico.hdf5,02-Change 5V
MOTOR-DC_2020_12_02_17_41_56_Analogico.hdf5,02-Change 5V
MOTOR-DC_2020_12_02_17_42_00_Analogico.hdf5,02-Change 5V
MOTOR-DC_2020_12_02_17_42_05_Analogico.hdf5,02-Change 5V
MOTOR-DC_2020_12_02_17_42_09_Analogico.hdf5,02-Change 5V
MOTOR-DC_2020_12_02_17_42_13_Analogico.hdf5,02-Change 5V
MOTOR-DC_2020_12_02_17_42_18_Analogico.hdf5,02-Change 5V
MOTOR-DC_2020_12_02_17_42_22_Analogico.hdf5,02-Change 5V
MOTOR-DC_2020_12_02_17_42_27_Analogico.hdf5,02-Change 5V
MOTOR-DC_2020_12_02_17_42_31_Analogico.hdf5,02-Change 5V
MOTOR-DC_2020_12_02_17_42_35_Analogico.hdf5,02-Change 5V
MOTOR-DC_2020_12_02_17_42_40_Analogico.hdf5,02-Change 5V
MOTOR-DC_2020_12_02_17_42_44_Analogico.hdf5,02-Change 5V
MOTOR-DC_2020_12_02_17_42_49_Analogico.hdf5,02-Change 5V
MOTOR-DC_2020_12_02_17_42_53_Analogico.hdf5,02-Change 5V
MOTOR-DC_2020_12_02_17_42_58_Analogico.hdf5,02-Change 5V
MOTOR-DC_2020_12_02_17_43_02_Analogico.hdf5,02-Change 5V
MOTOR-DC_2020_12_02_17_43_07_Analogico.hdf5,02-Change 5V
MOTOR-DC_2020_12_02_17_43_11_Analogico.hdf5,02-Change 5V
MOTOR-DC_2020_12_02_17_43_15_Analogico.hdf5,02-Change 5V
MOTOR-DC_2020_12_02_17_43_20_Analogico.hdf5,02-Change 5V
MOTOR-DC_2020_12_02_17_43_24_Analogico.hdf5,02-Change 5V
MOTOR-DC_2020_12_02_17_51_24_Analogico.hdf5,03-Re_start 3V
MOTOR-DC_2020_12_02_17_51_29_Analogico.hdf5,03-Re_start 3V
MOTOR-DC_2020_12_02_17_51_33_Analogico.hdf5,03-Re_start 3V
MOTOR-DC_2020_12_02_17_51_38_Analogico.hdf5,03-Re_start 3V
MOTOR-DC_2020_12_02_17_51_42_Analogico.hdf5,03-Re_start 3V
MOTOR-DC_2020_12_02_17_51_46_Analogico.hdf5,03-Re_start 3V
MOTOR-DC_2020_12_02_17_51_51_Analogico.hdf5,03-Re_start 3V
MOTOR-DC_2020_12_02_17_51_55_Analogico.hdf5,03-Re_start 3V
MOTOR-DC_2020_12_02_17_52_00_Analogico.hdf5,03-Re_start 3V
MOTOR-DC_2020_12_02_17_52_04_Analogico.hdf5,03-Re_start 3V
MOTOR-DC_2020_12_02_17_52_08_Analogico.hdf5,03-Re_start 3V
MOTOR-DC_2020_12_02_17_52_13_Analogico.hdf5,03-Re_start 3V
MOTOR-DC_2020_12_02_17_52_17_Analogico.hdf5,03-Re_start 3V
MOTOR-DC_2020_12_02_17_52_22_Analogico.hdf5,03-Re_start 3V
MOTOR-DC_2020_12_02_17_52_26_Analogico.hdf5,03-Re_start 3V
MOTOR-DC_2020_12_02_17_52_30_Analogico.hdf5,03-Re_start 3V
MOTOR-DC_2020_12_02_17_52_35_Analogico.hdf5,03-Re_start 3V
MOTOR-DC_2020_12_02_17_52_39_Analogico.hdf5,03-Re_start 3V
MOTOR-DC_2020_12_02_17_52_44_Analogico.hdf5,03-Re_start 3V
MOTOR-DC_2020_12_02_17_52_48_Analogico.hdf5,03-Re_start 3V
MOTOR-DC_2020_12_02_17_52_52_Analogico.hdf5,03-Re_start 3V
MOTOR-DC_2020_12_02_17_52_57_Analogico.hdf5,03-Re_start 3V
MOTOR-DC_2020_12_02_17_53_01_Analogico.hdf5,03-Re_start 3V
MOTOR-DC_2020_12_02_17_53_06_Analogico.hdf5,03-Re_start 3V
MOTOR-DC_2020_12_02_17_53_10_Analogico.hdf5,03-Re_start 3V
MOTOR-DC_2020_12_02_17_53_14_Analogico.hdf5,03-Re_start 3V
MOTOR-DC_2020_12_02_17_53_19_Analogico.hdf5,03-Re_start 3V
MOTOR-DC_2020_12_02_17_53_23_Analogico.hdf5,03-Re_start 3V
MOTOR-DC_2020_12_02_17_53_28_Analogico.hdf5,03-Re_start 3V
MOTOR-DC_2020_12_02_17_53_32_Analogico.hdf5,03-Re_start 3V
MOTOR-DC_2020_12_02_17_53_36_Analogico.hdf5,03-Re_start 3V
MOTOR-DC_2020_12_02_17_53_41_Analogico.hdf5,03-Re_start 3V
MOTOR-DC_2020_12_02_17_53_45_Analogico.hdf5,03-Re_start 3V
MOTOR-DC_2020_12_02_17_53_50_Analogico.hdf5,03-Re_start 3V
MOTOR-DC_2020_12_02_17_53_54_Analogico.hdf5,03-Re_start 3V
MOTOR-DC_2020_12_02_17_53_59_Analogico.hdf5,03-Re_start 3V
MOTOR-DC_2020_12_02_17_54_03_Analogico.hdf5,03-Re_start 3V
MOTOR-DC_2020_12_02_17_54_08_Analogico.hdf5,03-Re_start 3V
MOTOR-DC_2020_12_02_17_54_12_Analogico.hdf5,03-Re_start 3V
MOTOR-DC_2020_12_02_17_54_16_Analogico.hdf5,04-Change 5V
MOTOR-DC_2020_12_02_17_54_21_Analogico.hdf5,04-Change 5V
MOTOR-DC_2020_12_02_17_54_25_Analogico.hdf5,04-Change 5V
MOTOR-DC_2020_12_02_17_54_30_Analogico.hdf5,04-Change 5V
MOTOR-DC_2020_12_02_17_54_34_Analogico.hdf5,04-Change 5V
MOTOR-DC_2020_12_02_17_54_38_Analogico.hdf5,04-Change 5V
MOTOR-DC_2020_12_02_17_54_43_Analogico.hdf5,04-Change 5V
MOTOR-DC_2020_12_02_17_54_47_Analogico.hdf5,04-Change 5V
MOTOR-DC_2020_12_02_17_54_52_Analogico.hdf5,04-Change 5V
MOTOR-DC_2020_12_02_17_54_56_Analogico.hdf5,04-Change 5V
MOTOR-DC_2020_12_02_17_55_00_Analogico.hdf5,04-Change 5V
MOTOR-DC_2020_12_02_17_55_05_Analogico.hdf5,04-Change 5V
MOTOR-DC_2020_12_02_17_55_09_Analogico.hdf5,04-Change 5V
MOTOR-DC_2020_12_02_17_55_14_Analogico.hdf5,04-Change 5V
MOTOR-DC_2020_12_02_17_55_18_Analogico.hdf5,04-Change 5V
MOTOR-DC_2020_12_02_17_55_23_Analogico.hdf5,04-Change 5V
MOTOR-DC_2020_12_02_17_55_27_Analogico.hdf5,04-Change 5V
MOTOR-DC_2020_12_02_17_55_31_Analogico.hdf5,04-Change 5V
MOTOR-DC_2020_12_02_17_55_36_Analogico.hdf5,04-Change 5V
MOTOR-DC_2020_12_02_17_55_40_Analogico.hdf5,04-Change 5V
MOTOR-DC_2020_12_02_17_55_45_Analogico.hdf5,04-Change 5V
MOTOR-DC_2020_12_02_17_55_49_Analogico.hdf5,04-Change 5V
MOTOR-DC_2020_12_02_17_55_53_Analogico.hdf5,04-Change 5V
MOTOR-DC_2020_12_02_17_55_58_Analogico.hdf5,04-Change 5V
MOTOR-DC_2020_12_02_17_56_02_Analogico.hdf5,04-Change 5V
MOTOR-DC_2020_12_02_17_56_07_Analogico.hdf5,04-Change 5V
MOTOR-DC_2020_12_02_17_56_11_Analogico.hdf5,04-Change 5V
MOTOR-DC_2020_12_02_17_56_15_Analogico.hdf5,04-Change 5V
MOTOR-DC_2020_12_02_17_56_20_Analogico.hdf5,04-Change 5V
MOTOR-DC_2020_12_02_17_56_24_Analogico.hdf5,04-Change 5V
MOTOR-DC_2020_12_02_17_56_29_Analogico.hdf5,04-Change 5V
MOTOR-DC_2020_12_02_17_56_33_Analogico.hdf5,04-Change 5V
MOTOR-DC_2020_12_02_17_56_37_Analogico.hdf5,04-Change 5V
MOTOR-DC_2020_12_02_17_56_42_Analogico.hdf5,04-Change 5V
MOTOR-DC_2020_12_02_17_56_46_Analogico.hdf5,04-Change 5V
MOTOR-DC_2020_12_02_17_56_51_Analogico.hdf5,04-Change 5V
MOTOR-DC_2020_12_02_17_56_55_Analogico.hdf5,04-Change 5V
MOTOR-DC_2020_12_02_17_56_59_Analogico.hdf5,04-Change 5V
MOTOR-DC_2020_12_02_17_57_04_Analogico.hdf5,04-Change 5V
MOTOR-DC_2020_12_02_17_57_08_Analogico.hdf5,04-Change 5V
MOTOR-DC_2020_12_02_17_57_13_Analogico.hdf5,04-Change 5V
MOTOR-DC_2020_12_02_17_57_17_Analogico.hdf5,04-Change 5V
MOTOR-DC_2020_12_02_17_57_21_Analogico.hdf5,04-Change 5V
MOTOR-DC_2020_12_02_17_57_26_Analogico.hdf5,04-Change 5V
MOTOR-DC_2020_12_02_17_57_30_Analogico.hdf5,04-Change 5V
MOTOR-DC_2020_12_02_17_57_35_Analogico.hdf5,04-Change 5V
MOTOR-DC_2020_12_02_17_57_39_Analogico.hdf5,04-Change 5V
MOTOR-DC_2020_12_02_17_57_43_Analogico.hdf5,04-Change 5V
MOTOR-DC_2020_12_02_17_57_48_Analogico.hdf5,04-Change 5V
MOTOR-DC_2020_12_02_17_57_52_Analogico.hdf5,04-Change 5V
MOTOR-DC_2020_12_02_17_57_57_Analogico.hdf5,04-Change 5V
MOTOR-DC_2020_12_02_17_58_01_Analogico.hdf5,04-Change 5V
MOTOR-DC_2020_12_02_17_58_05_Analogico.hdf5,04-Change 5V
MOTOR-DC_2020_12_02_17_58_10_Analogico.hdf5,04-Change 5V
MOTOR-DC_2020_12_02_17_58_14_Analogico.hdf5,04-Change 5V
MOTOR-DC_2020_12_02_17_58_19_Analogico.hdf5,04-Change 5V
MOTOR-DC_2020_12_02_17_58_23_Analogico.hdf5,04-Change 5V
MOTOR-DC_2020_12_02_17_58_27_Analogico.hdf5,04-Change 5V
MOTOR-DC_2020_12_02_17_58_32_Analogico.hdf5,04-Change 5V
MOTOR-DC_2020_12_02_17_58_36_Analogico.hdf5,04-Change 5V
MOTOR-DC_2020_12_02_17_58_41_Analogico.hdf5,04-Change 5V
MOTOR-DC_2020_12_02_17_58_45_Analogico.hdf5,04-Change 5V
MOTOR-DC_2020_12_02_17_58_49_Analogico.hdf5,04-Change 5V
MOTOR-DC_2020_12_02_17_58_54_Analogico.hdf5,04-Change 5V
MOTOR-DC_2020_12_02_17_58_58_Analogico.hdf5,04-Change 5V
MOTOR-DC_2020_12_02_17_59_03_Analogico.hdf5,04-Change 5V
MOTOR-DC_2020_12_02_17_59_07_Analogico.hdf5,04-Change 5V
MOTOR-DC_2020_12_02_17_59_12_Analogico.hdf5,04-Change 5V
MOTOR-DC_2020_12_02_17_59_16_Analogico.hdf5,04-Change 5V
MOTOR-DC_2020_12_02_17_59_20_Analogico.hdf5,04-Change 5V
MOTOR-DC_2020_12_02_17_59_25_Analogico.hdf5,04-Change 5V
MOTOR-DC_2020_12_02_17_59_29_Analogico.hdf5,04-Change 5V
MOTOR-DC_2020_12_02_17_59_34_Analogico.hdf5,04-Change 5V
MOTOR-DC_2020_12_02_17_59_38_Analogico.hdf5,04-Change 5V
MOTOR-DC_2020_12_02_17_59_42_Analogico.hdf5,04-Change 5V
MOTOR-DC_2020_12_02_17_59_47_Analogico.hdf5,04-Change 5V
MOTOR-DC_2020_12_02_17_59_51_Analogico.hdf5,04-Change 5V
MOTOR-DC_2020_12_02_17_59_56_Analogico.hdf5,04-Change 5V
MOTOR-DC_2020_12_02_18_00_00_Analogico.hdf5,04-Change 5V
MOTOR-DC_2020_12_02_18_00_04_Analogico.hdf5,04-Change 5V
MOTOR-DC_2020_12_02_18_00_09_Analogico.hdf5,04-Change 5V
MOTOR-DC_2020_12_02_18_00_13_Analogico.hdf5,04-Change 5V
MOTOR-DC_2020_12_02_18_00_18_Analogico.hdf5,04-Change 5V
MOTOR-DC_2020_12_02_18_00_22_Analogico.hdf5,04-Change 5V
MOTOR-DC_2020_12_02_18_00_26_Analogico.hdf5,04-Change 5V
MOTOR-DC_2020_12_02_18_00_31_Analogico.hdf5,04-Change 5V
MOTOR-DC_2020_12_02_18_00_35_Analogico.hdf5,04-Change 5V
